{"products":[{"id":"0.08095260052262554","qty":2}],"totalPrice":3.000003000005e+39}