{"products":[{"id":"0.3050515744851987","qty":1}],"totalPrice":3.000003000005e+39}